url,title,year
http://en.wikipedia.org/wiki/The_Thirteenth_Floor,'The Thirteenth Floor',1999
http://en.wikipedia.org/wiki/Twenty-One_(1991_film),'Twenty-One (1991 film)',1991
http://en.wikipedia.org/wiki/Twelve_(film),'Twelve (film)',2010
http://en.wikipedia.org/wiki/Six_Pack_(film),'Six Pack (film)',1982
http://en.wikipedia.org/w/index.php?title=100_Degrees_Below_Zero&action=edit&redlink=1,'100 Degrees Below Zero (page does not exist)',2013
http://en.wikipedia.org/wiki/The_Two_Jakes,'The Two Jakes',1990
http://en.wikipedia.org/wiki/8:_The_Mormon_Proposition,'8: The Mormon Proposition',2010
http://en.wikipedia.org/wiki/Thirteen_Ghosts,'Thirteen Ghosts',2001
http://en.wikipedia.org/wiki/The_601st_Phone_Call,'The 601st Phone Call',2006
http://en.wikipedia.org/wiki/One_Night_of_Love,'One Night of Love',1934
http://en.wikipedia.org/wiki/The_Sixth_Sense,'The Sixth Sense',1999
http://en.wikipedia.org/wiki/Three_Godfathers_(1936_film),'Three Godfathers (1936 film)',1936
http://en.wikipedia.org/wiki/One_Million_Years_B.C.,'One Million Years B.C.',1966
http://en.wikipedia.org/wiki/13_Tzameti,'13 Tzameti',2006
http://en.wikipedia.org/wiki/20_Dates,'20 Dates',1998
http://en.wikipedia.org/wiki/The_Ten,'The Ten',2007
http://en.wikipedia.org/wiki/Two_for_the_Money_(film),'Two for the Money (film)',2005
http://en.wikipedia.org/wiki/Five_Fingers_(2006_film),'Five Fingers (2006 film)',2006
http://en.wikipedia.org/wiki/Three_on_a_Couch,'Three on a Couch',1966
http://en.wikipedia.org/wiki/1984_(1956_film),'1984 (1956 film)',1956
http://en.wikipedia.org/wiki/11%2709%2201_September_11,'11'09"01 September 11',2002
http://en.wikipedia.org/wiki/28_Days_Later,'28 Days Later',2002
http://en.wikipedia.org/wiki/2010_(film),'2010 (film)',1984
http://en.wikipedia.org/wiki/101_Rent_Boys,'101 Rent Boys',2000
http://en.wikipedia.org/wiki/Zero_Tolerance,'Zero Tolerance',1994
http://en.wikipedia.org/wiki/Three_Coins_in_the_Fountain_(1954_film),'Three Coins in the Fountain (1954 film)',1954
http://en.wikipedia.org/wiki/Four_Lions,'Four Lions',2010
http://en.wikipedia.org/wiki/Dracula_2001,'Dracula 2001',2000
http://en.wikipedia.org/wiki/21_Grams,'21 Grams',2003
http://en.wikipedia.org/wiki/The_1_Second_Film,'The 1 Second Film',2007
http://en.wikipedia.org/wiki/10_Rules_for_Sleeping_Around,'10 Rules for Sleeping Around',2013
http://en.wikipedia.org/wiki/Nine_(2009_live-action_film),'Nine (2009 live-action film)',2009
http://en.wikipedia.org/wiki/Nine_to_Five,'Nine to Five',1980
http://en.wikipedia.org/wiki/48_Hrs.,'48 Hrs.',1982
http://en.wikipedia.org/wiki/2009_Lost_Memories,'2009 Lost Memories',2002
http://en.wikipedia.org/wiki/Six_Days_Seven_Nights,'Six Days Seven Nights',1998
http://en.wikipedia.org/wiki/61*,'61*',2001
http://en.wikipedia.org/wiki/108_Demon_Kings,'108 Demon Kings',2015
http://en.wikipedia.org/wiki/7_Seconds_(film),'7 Seconds (film)',2005
http://en.wikipedia.org/wiki/1900_(film),'1900 (film)',1976
http://en.wikipedia.org/wiki/88_Minutes,'88 Minutes',2008
http://en.wikipedia.org/wiki/The_Four_Seasons_(1981_film),'The Four Seasons (1981 film)',1981
http://en.wikipedia.org/wiki/1941_(film),'1941 (film)',1979
http://en.wikipedia.org/wiki/The_$1,000,000_Reward,'The $1000000 Reward',1920
http://en.wikipedia.org/wiki/100_Feet_(film),'100 Feet (film)',2008
http://en.wikipedia.org/wiki/Three_Colors:_White,'Three Colors: White',1994
http://en.wikipedia.org/wiki/Three_Colors:_Red,'Three Colors: Red',1994
http://en.wikipedia.org/wiki/360_(film),'360 (film)',2011
http://en.wikipedia.org/wiki/Seven_Men_from_Now,'Seven Men from Now',1956
http://en.wikipedia.org/wiki/9_Souls,'9 Souls',2003
http://en.wikipedia.org/wiki/2_Fast_2_Furious,'2 Fast 2 Furious',2004
http://en.wikipedia.org/wiki/9_Songs,'9 Songs',2004
http://en.wikipedia.org/wiki/7_Khoon_Maaf,'7 Khoon Maaf',2011
http://en.wikipedia.org/wiki/55_Days_at_Peking,'55 Days at Peking',1963
http://en.wikipedia.org/wiki/Eight_Men_Out,'Eight Men Out',1988
http://en.wikipedia.org/wiki/8mm_2,'8mm 2',2005
http://en.wikipedia.org/wiki/10_to_Midnight,'10 to Midnight',1983
http://en.wikipedia.org/wiki/Two_Lovers_(2008_film),'Two Lovers (2008 film)',2008
http://en.wikipedia.org/wiki/The_Fourth_Man_(1983_film),'The Fourth Man (1983 film)',1983
http://en.wikipedia.org/wiki/3-Iron,'3-Iron',2004
http://en.wikipedia.org/wiki/12_Angry_Men_(1957_film),'12 Angry Men (1957 film)',1957
http://en.wikipedia.org/wiki/The_6th_Day,'The 6th Day',2000
http://en.wikipedia.org/wiki/1968_Tunnel_Rats,'1968 Tunnel Rats',2009
http://en.wikipedia.org/wiki/8%C2%BD_Women,'8½ Women',1999
http://en.wikipedia.org/wiki/A_Thousand_Clowns,'A Thousand Clowns',1965
http://en.wikipedia.org/wiki/4_for_Texas,'4 for Texas',1963
http://en.wikipedia.org/wiki/One_of_Our_Dinosaurs_is_Missing,'One of Our Dinosaurs is Missing',1975
http://en.wikipedia.org/wiki/47_Ronin_(2013_film),'47 Ronin (2013 film)',2013
http://en.wikipedia.org/wiki/300_(film),'300 (film)',2007
http://en.wikipedia.org/wiki/8%C2%BD,'8½',1963
http://en.wikipedia.org/wiki/10_Years_Later,'10 Years Later',2010
http://en.wikipedia.org/wiki/49th_Parallel_(film),'49th Parallel (film)',1941
http://en.wikipedia.org/wiki/101_Dalmatians_(1996_film),'101 Dalmatians (1996 film)',1996
http://en.wikipedia.org/wiki/Five_Minutes_of_Heaven,'Five Minutes of Heaven',2009
http://en.wikipedia.org/wiki/3_Ring_Circus,'3 Ring Circus',1954
http://en.wikipedia.org/wiki/8_Mile_(film),'8 Mile (film)',2002
http://en.wikipedia.org/wiki/Seven_Pounds,'Seven Pounds',2008
http://en.wikipedia.org/wiki/12_and_Holding,'12 and Holding',2006
http://en.wikipedia.org/wiki/Three_Comrades_(film),'Three Comrades (film)',1938
http://en.wikipedia.org/wiki/15_(film),'15 (film)',2003
http://en.wikipedia.org/wiki/One_Way_Passage,'One Way Passage',1932
http://en.wikipedia.org/wiki/9th_Company,'9th Company',2005
http://en.wikipedia.org/wiki/44_Inch_Chest,'44 Inch Chest',2010
http://en.wikipedia.org/wiki/One,_Two,_Three,'One Two Three',1961
http://en.wikipedia.org/wiki/2001:_A_Space_Odyssey_(film),'2001: A Space Odyssey (film)',1968
http://en.wikipedia.org/wiki/Day_One_(1989_film),'Day One (1989 film)',1989
http://en.wikipedia.org/wiki/36_Quai_des_Orf%C3%A8vres_(film),'36 Quai des Orfèvres (film)',2004
http://en.wikipedia.org/wiki/19_(film),'19 (film)',2001
http://en.wikipedia.org/wiki/Thirteen_(2003_film),'Thirteen (2003 film)',2003
http://en.wikipedia.org/wiki/One_Night_with_the_King,'One Night with the King',2006
http://en.wikipedia.org/wiki/The_Two_Faces_of_January,'The Two Faces of January',2014
http://en.wikipedia.org/wiki/Three_(2002_film),'Three (2002 film)',2002
http://en.wikipedia.org/wiki/99,'99',1979
http://en.wikipedia.org/wiki/71,'71',2015
http://en.wikipedia.org/wiki/Three..._Extremes,'Three... Extremes',2004
http://en.wikipedia.org/wiki/Three_Days_of_the_Condor,'Three Days of the Condor',1975
http://en.wikipedia.org/wiki/13_Ghosts_(1960_film),'13 Ghosts (1960 film)',1960
http://en.wikipedia.org/wiki/Zero_for_Conduct,'Zero for Conduct',1933
http://en.wikipedia.org/wiki/Four_Flies_on_Grey_Velvet,'Four Flies on Grey Velvet',1972
http://en.wikipedia.org/wiki/4D_Man,'4D Man',1959
http://en.wikipedia.org/wiki/100_Days_with_Mr._Arrogant,'100 Days with Mr. Arrogant',2004
http://en.wikipedia.org/wiki/Zero_Effect,'Zero Effect',1998
http://en.wikipedia.org/wiki/Four_for_Venice,'Four for Venice',1998
http://en.wikipedia.org/wiki/6_Angels,'6 Angels',2002
http://en.wikipedia.org/wiki/Seven_Samurai,'Seven Samurai',1954
http://en.wikipedia.org/wiki/Four_Weddings_and_a_Funeral,'Four Weddings and a Funeral',1994
http://en.wikipedia.org/wiki/The_13th_Warrior,'The 13th Warrior',1999
http://en.wikipedia.org/wiki/300:_Rise_of_an_Empire,'300: Rise of an Empire',2014
http://en.wikipedia.org/wiki/200_Cigarettes,'200 Cigarettes',1999
http://en.wikipedia.org/wiki/30_Minutes_or_Less,'30 Minutes or Less',2011
http://en.wikipedia.org/wiki/Sixteen_Candles,'Sixteen Candles',1984
http://en.wikipedia.org/wiki/708090_(film),'708090 (film)',2015
http://en.wikipedia.org/wiki/The_Million_Dollar_Duck,'The Million Dollar Duck',1971
http://en.wikipedia.org/wiki/5ive_Girls,'5ive Girls',2006
http://en.wikipedia.org/wiki/9%C2%BD_Weeks,'9½ Weeks',1986
http://en.wikipedia.org/wiki/5_Centimeters_Per_Second,'5 Centimeters Per Second',2007
http://en.wikipedia.org/wiki/5_Broken_Cameras,'5 Broken Cameras',2011
http://en.wikipedia.org/wiki/5_Days_of_War,'5 Days of War',2011
http://en.wikipedia.org/wiki/13_Rue_Madeleine,'13 Rue Madeleine',1947
http://en.wikipedia.org/wiki/Three_the_Hard_Way_(film),'Three the Hard Way (film)',1974
http://en.wikipedia.org/wiki/The_Three_Faces_of_Eve,'The Three Faces of Eve',1957
http://en.wikipedia.org/wiki/Eight_on_the_Lam,'Eight on the Lam',1967
http://en.wikipedia.org/wiki/A_Thousand_Acres,'A Thousand Acres',1997
http://en.wikipedia.org/wiki/35_Shots_of_Rum,'35 Shots of Rum',2009
http://en.wikipedia.org/wiki/16_Blocks,'16 Blocks',2005
http://en.wikipedia.org/wiki/Three_Sisters_(1970_Olivier_film),'Three Sisters (1970 Olivier film)',Olivier1970
http://en.wikipedia.org/wiki/3_Godfathers,'3 Godfathers',1948
http://en.wikipedia.org/wiki/50_First_Dates,'50 First Dates',2004
http://en.wikipedia.org/wiki/44_Minutes:_The_North_Hollywood_Shoot-Out,'44 Minutes: The North Hollywood Shoot-Out',2003
http://en.wikipedia.org/wiki/4_Months,_3_Weeks_and_2_Days,'4 Months 3 Weeks and 2 Days',2007
http://en.wikipedia.org/wiki/13_Beloved,'13 Beloved',2006
http://en.wikipedia.org/wiki/8mm_(film),'8mm (film)',1999
http://en.wikipedia.org/wiki/Three_on_a_Match,'Three on a Match',1932
http://en.wikipedia.org/wiki/The_Ninth_Gate,'The Ninth Gate',1999
http://en.wikipedia.org/wiki/3:_The_Dale_Earnhardt_Story,'3: The Dale Earnhardt Story',2004
http://en.wikipedia.org/wiki/Millions,'Millions',2004
http://en.wikipedia.org/wiki/964_Pinocchio,'964 Pinocchio',1991
http://en.wikipedia.org/wiki/One-Way_Ticket_to_Mombasa,'One-Way Ticket to Mombasa',2002
http://en.wikipedia.org/wiki/Three_to_Tango,'Three to Tango',1999
http://en.wikipedia.org/wiki/10th_%26_Wolf,'10th & Wolf',2006
http://en.wikipedia.org/wiki/2019,_After_the_Fall_of_New_York,'2019 After the Fall of New York',1984
http://en.wikipedia.org/wiki/3000_Miles_to_Graceland,'3000 Miles to Graceland',2001
http://en.wikipedia.org/wiki/21_%26_Over_(film),'21 & Over (film)',2013
http://en.wikipedia.org/wiki/10_Questions_for_the_Dalai_Lama,'10 Questions for the Dalai Lama',2006
http://en.wikipedia.org/wiki/8_Seconds,'8 Seconds',1994
http://en.wikipedia.org/wiki/2001_Maniacs,'2001 Maniacs',2006
http://en.wikipedia.org/wiki/28_Weeks_Later,'28 Weeks Later',2007
http://en.wikipedia.org/wiki/A_Thousand_Acres_(film),'A Thousand Acres (film)',1997
http://en.wikipedia.org/wiki/1991:_The_Year_Punk_Broke,'1991: The Year Punk Broke',1992
http://en.wikipedia.org/wiki/10,000_BC_(film),'10000 BC (film)',2008
http://en.wikipedia.org/wiki/7_Women,'7 Women',1966
http://en.wikipedia.org/wiki/2046_(film),'2046 (film)',2004
http://en.wikipedia.org/wiki/1408_(film),'1408 (film)',2007
http://en.wikipedia.org/wiki/11-11-11_(2011_film),'11-11-11 (2011 film)',2011
http://en.wikipedia.org/wiki/The_Five_Man_Army,'The Five Man Army',1969
http://en.wikipedia.org/wiki/200_Pounds_Beauty,'200 Pounds Beauty',2006
http://en.wikipedia.org/wiki/5_Fingers,'5 Fingers',1952
http://en.wikipedia.org/wiki/Seven_Brides_for_Seven_Brothers_(film),'Seven Brides for Seven Brothers (film)',1954
http://en.wikipedia.org/wiki/Zero_Hour!,'Zero Hour!',1957
http://en.wikipedia.org/wiki/(500)_Days_of_Summer,'(500) Days of Summer',2009
http://en.wikipedia.org/wiki/8000_Miles,'8000 Miles',2009
http://en.wikipedia.org/wiki/5_Card_Stud,'5 Card Stud',1968
http://en.wikipedia.org/wiki/The_51st_State,'The 51st State',2001
http://en.wikipedia.org/wiki/The_Fourth_Protocol_(film),'The Fourth Protocol (film)',1987
http://en.wikipedia.org/wiki/976-EVIL,'976-EVIL',1989
http://en.wikipedia.org/wiki/Zero_Dark_Thirty,'Zero Dark Thirty',2012
http://en.wikipedia.org/wiki/27_Dresses,'27 Dresses',2008
http://en.wikipedia.org/wiki/Pi_(film),'Pi (film)',1998
http://en.wikipedia.org/wiki/.45_(film),'.45 (film)',2006
http://en.wikipedia.org/wiki/40_Days_and_40_Nights,'40 Days and 40 Nights',2002
http://en.wikipedia.org/wiki/Las_13_rosas,'Las 13 rosas',2007
http://en.wikipedia.org/wiki/The_Seventh_Seal,'The Seventh Seal',1957
http://en.wikipedia.org/wiki/The_40-Year-Old_Virgin,'The 40-Year-Old Virgin',2005
http://en.wikipedia.org/wiki/42nd_Street_(film),'42nd Street (film)',1933
http://en.wikipedia.org/wiki/Nine_Months,'Nine Months',1995
http://en.wikipedia.org/wiki/Two_Family_House,'Two Family House',2002
http://en.wikipedia.org/wiki/1492:_Conquest_of_Paradise,'1492: Conquest of Paradise',1992
http://en.wikipedia.org/wiki/Seven_(film),'Seven (film)',1995
http://en.wikipedia.org/wiki/10%C2%BD,'10½',2010
http://en.wikipedia.org/wiki/Ten_Little_Indians_(1965_film),'Ten Little Indians (1965 film)',1965
http://en.wikipedia.org/wiki/Seven_Years_in_Tibet_(1997_film),'Seven Years in Tibet (1997 film)',1997
http://en.wikipedia.org/wiki/21_(2008_film),'21 (2008 film)',2008
http://en.wikipedia.org/wiki/100_Bloody_Acres,'100 Bloody Acres',2013
http://en.wikipedia.org/wiki/Less_Than_Zero_(film),'Less Than Zero (film)',1987
http://en.wikipedia.org/wiki/Four_Daughters,'Four Daughters',1938
http://en.wikipedia.org/wiki/12_Men_of_Christmas,'12 Men of Christmas',2009
http://en.wikipedia.org/wiki/The_10th_Kingdom,'The 10th Kingdom',2000TV
http://en.wikipedia.org/wiki/40_Year_Old_Virgin,'40 Year Old Virgin',2005
http://en.wikipedia.org/wiki/Seven_Up!,'Seven Up!',2005
http://en.wikipedia.org/wiki/15_Minutes,'15 Minutes',2001
http://en.wikipedia.org/wiki/Catch_.44,'Catch .44',2011
http://en.wikipedia.org/wiki/One_Hundred_Men_and_a_Girl,'One Hundred Men and a Girl',1937
http://en.wikipedia.org/wiki/The_5,000_Fingers_of_Dr._T,'The 5000 Fingers of Dr. T',1953
http://en.wikipedia.org/wiki/Five_Million_Years_to_Earth,'Five Million Years to Earth',1967
http://en.wikipedia.org/wiki/Eight_Crazy_Nights,'Eight Crazy Nights',2002
http://en.wikipedia.org/wiki/Five_Fingers_of_Death,'Five Fingers of Death',1973
http://en.wikipedia.org/wiki/Three_Amigos,'Three Amigos',1986
http://en.wikipedia.org/wiki/Two_Thousand_Maniacs!,'Two Thousand Maniacs!',1964
http://en.wikipedia.org/wiki/12:01_(1993_film),'12:01 (1993 film)',1993
http://en.wikipedia.org/wiki/12_Years_a_Slave_(film),'12 Years a Slave (film)',2013
http://en.wikipedia.org/wiki/102_Dalmatians,'102 Dalmatians',2000
http://en.wikipedia.org/wiki/The_Seven-Ups,'The Seven-Ups',1973
http://en.wikipedia.org/wiki/The_Number_23,'The Number 23',2007
http://en.wikipedia.org/wiki/Three_Sisters_(1994_film),'Three Sisters (1994 film)',1994
http://en.wikipedia.org/wiki/23_(film),'23 (film)',1998
http://en.wikipedia.org/wiki/36_Hours,'36 Hours',1965
http://en.wikipedia.org/wiki/One_A.M._(1916_film),'One A.M. (1916 film)',1916
http://en.wikipedia.org/wiki/The_Magnificent_Seven,'The Magnificent Seven',null
http://en.wikipedia.org/wiki/Four_Brothers_(film),'Four Brothers (film)',2005
http://en.wikipedia.org/wiki/The_36th_Chamber_of_Shaolin,'The 36th Chamber of Shaolin',1979
http://en.wikipedia.org/wiki/8_Women,'8 Women',2002
http://en.wikipedia.org/wiki/One_Day_(2011_film),'One Day (2011 film)',2011
http://en.wikipedia.org/wiki/7_Faces_of_Dr._Lao,'7 Faces of Dr. Lao',1964
http://en.wikipedia.org/wiki/Two_Solitudes_(film),'Two Solitudes (film)',1978
http://en.wikipedia.org/wiki/The_Seven_Year_Itch,'The Seven Year Itch',1955
http://en.wikipedia.org/wiki/9/11_(film),'9/11 (film)',2002
http://en.wikipedia.org/wiki/Zero_Day_(film),'Zero Day (film)',2003
http://en.wikipedia.org/wiki/One_Hour_Photo,'One Hour Photo',2002
http://en.wikipedia.org/wiki/24_Hour_Party_People,'24 Hour Party People',2002
http://en.wikipedia.org/wiki/2_Days_in_New_York,'2 Days in New York',2012
http://en.wikipedia.org/wiki/5x2,'5x2',2004
http://en.wikipedia.org/wiki/10_(film),'10 (film)',1979
http://en.wikipedia.org/wiki/Nine_Lives_(2005_film),'Nine Lives (2005 film)',2005
http://en.wikipedia.org/wiki/One_More_Time_(1970_film),'One More Time (1970 film)',1970
http://en.wikipedia.org/wiki/10_Rillington_Place_(film),'10 Rillington Place (film)',1971
http://en.wikipedia.org/wiki/52_Pick-Up,'52 Pick-Up',1986
http://en.wikipedia.org/wiki/Three_Fugitives,'Three Fugitives',1989
http://en.wikipedia.org/wiki/The_Third_Man,'The Third Man',1949
http://en.wikipedia.org/wiki/12_Rounds_(film),'12 Rounds (film)',2009
http://en.wikipedia.org/wiki/200_Motels,'200 Motels',1971
http://en.wikipedia.org/wiki/21_Jump_Street_(film),'21 Jump Street (film)',2012
http://en.wikipedia.org/wiki/30_Days_of_Night:_Dark_Days_(film),'30 Days of Night: Dark Days (film)',2010
http://en.wikipedia.org/wiki/1776_(film),'1776 (film)',1972
http://en.wikipedia.org/wiki/30_Days_of_Night_(film),'30 Days of Night (film)',2007
http://en.wikipedia.org/wiki/301,_302,'301 302',1995
http://en.wikipedia.org/wiki/The_Twelve_Chairs_(1962_film),'The Twelve Chairs (1962 film)',1962
http://en.wikipedia.org/wiki/3,2,1..._Frankie_Go_Boom,'321... Frankie Go Boom',2012
http://en.wikipedia.org/wiki/Three_for_the_Road,'Three for the Road',1987
http://en.wikipedia.org/wiki/Zero_Charisma,'Zero Charisma',2013
http://en.wikipedia.org/wiki/13_Assassins,'13 Assassins',2010
http://en.wikipedia.org/wiki/1990:_The_Bronx_Warriors,'1990: The Bronx Warriors',1983
http://en.wikipedia.org/wiki/8_Heads_in_a_Duffel_Bag,'8 Heads in a Duffel Bag',1997
http://en.wikipedia.org/wiki/8_Million_Ways_to_Die,'8 Million Ways to Die',1986
http://en.wikipedia.org/wiki/10_Years_(film),'10 Years (film)',2011
http://en.wikipedia.org/wiki/The_400_Blows,'The 400 Blows',1959
http://en.wikipedia.org/wiki/Seven_Psychopaths,'Seven Psychopaths',2012
http://en.wikipedia.org/wiki/100_Rifles,'100 Rifles',1969
http://en.wikipedia.org/wiki/4.3.2.1,'4.3.2.1',2010
http://en.wikipedia.org/wiki/2_or_3_Things_I_Know_About_Her,'2 or 3 Things I Know About Her',1967
http://en.wikipedia.org/wiki/13_Going_on_30,'13 Going on 30',2004
http://en.wikipedia.org/wiki/3_Idiots,'3 Idiots',2009
http://en.wikipedia.org/wiki/The_10th_Victim,'The 10th Victim',1965
http://en.wikipedia.org/wiki/17_Again_(film),'17 Again (film)',null
http://en.wikipedia.org/wiki/10_Things_I_Hate_About_You_(film),'10 Things I Hate About You (film)',1999
http://en.wikipedia.org/wiki/Four_Horsemen_of_the_Apocalypse_(film),'Four Horsemen of the Apocalypse (film)',1962
http://en.wikipedia.org/wiki/2012_(film),'2012 (film)',2009
http://en.wikipedia.org/wiki/3_Women,'3 Women',1977
http://en.wikipedia.org/wiki/Infinity_(film),'Infinity (film)',1996
http://en.wikipedia.org/wiki/13_(2010_film),'13 (2010 film)',2010
http://en.wikipedia.org/wiki/One_Flew_Over_the_Cuckoo%27s_Nest_(film),'One Flew Over the Cuckoo's Nest (film)',1975
http://en.wikipedia.org/wiki/Nine_Queens,'Nine Queens',2000
http://en.wikipedia.org/wiki/Three_Colors:_Blue,'Three Colors: Blue',1993
http://en.wikipedia.org/wiki/28_Hotel_Rooms,'28 Hotel Rooms',2012
http://en.wikipedia.org/wiki/The_Seventh_Sign,'The Seventh Sign',1988
http://en.wikipedia.org/wiki/The_Nines,'The Nines',2007
http://en.wikipedia.org/wiki/One_Fine_Day_(film),'One Fine Day (film)',1996
http://en.wikipedia.org/wiki/The_11th_Hour_(film),'The 11th Hour (film)',2007
http://en.wikipedia.org/wiki/One_of_Our_Dinosaurs_Is_Missing,'One of Our Dinosaurs Is Missing',1975
http://en.wikipedia.org/wiki/28_Days_(film),'28 Days (film)',2000
http://en.wikipedia.org/wiki/Five_Easy_Pieces,'Five Easy Pieces',1970
http://en.wikipedia.org/wiki/Nineteen_Eighty-Four_(film),'Nineteen Eighty-Four (film)',1984
http://en.wikipedia.org/wiki/%CE%A0_(film),'Π (film)',1998
http://en.wikipedia.org/wiki/Six_Degrees_of_Separation_(film),'Six Degrees of Separation (film)',1993
http://en.wikipedia.org/wiki/633_Squadron,'633 Squadron',1964
http://en.wikipedia.org/wiki/2_Days_in_Paris,'2 Days in Paris',2007
http://en.wikipedia.org/wiki/24_City,'24 City',2008
http://en.wikipedia.org/wiki/12_(2007_film),'12 (2007 film)',2007
http://en.wikipedia.org/wiki/Two_Weeks_Notice,'Two Weeks Notice',null
http://en.wikipedia.org/wiki/Five_Graves_to_Cairo,'Five Graves to Cairo',1943
http://en.wikipedia.org/wiki/127_Hours,'127 Hours',2010
http://en.wikipedia.org/wiki/12:01_PM_(1990_film),'12:01 PM (1990 film)',1990
http://en.wikipedia.org/wiki/The_Fifth_Element,'The Fifth Element',1997
http://en.wikipedia.org/wiki/2_Guns,'2 Guns',2013
http://en.wikipedia.org/wiki/25th_Hour,'25th Hour',2002
http://en.wikipedia.org/wiki/Seven_Beauties,'Seven Beauties',1976
http://en.wikipedia.org/wiki/29th_Street_(film),'29th Street (film)',1991
http://en.wikipedia.org/wiki/The_Five_Senses_(film),'The Five Senses (film)',1999
http://en.wikipedia.org/wiki/The_One_(2001_film),'The One (2001 film)',2001
http://en.wikipedia.org/wiki/Seven_Swords,'Seven Swords',2005
http://en.wikipedia.org/wiki/2_Days_in_the_Valley,'2 Days in the Valley',1996
http://en.wikipedia.org/wiki/The_Four_Musketeers_(film),'The Four Musketeers (film)',1974
http://en.wikipedia.org/wiki/The_4th_Floor_(1999_film),'The 4th Floor (1999 film)',2000
http://en.wikipedia.org/wiki/The_Fourth_Kind,'The Fourth Kind',null
http://en.wikipedia.org/wiki/The_Twelve_Tasks_of_Asterix,'The Twelve Tasks of Asterix',1976
http://en.wikipedia.org/wiki/Four_Rooms,'Four Rooms',1995
http://en.wikipedia.org/wiki/7:35_in_the_Morning,'7:35 in the Morning',2003
http://en.wikipedia.org/wiki/Thirteen_Days_(film),'Thirteen Days (film)',2000
http://en.wikipedia.org/wiki/11:14,'11:14',2003
http://en.wikipedia.org/wiki/Three_Kings_(1999_film),'Three Kings (1999 film)',1999
http://en.wikipedia.org/wiki/Twenty-One_(film),'Twenty-One (film)',null
http://en.wikipedia.org/wiki/Million_Dollar_Baby,'Million Dollar Baby',2004
http://en.wikipedia.org/wiki/4_Little_Girls,'4 Little Girls',1997
http://en.wikipedia.org/wiki/Three_Men_and_a_Little_Lady,'Three Men and a Little Lady',1990
http://en.wikipedia.org/wiki/The_Three_Burials_of_Melquiades_Estrada,'The Three Burials of Melquiades Estrada',2005
http://en.wikipedia.org/wiki/10_Items_or_Less_(film),'10 Items or Less (film)',2006
http://en.wikipedia.org/wiki/54_(film),'54 (film)',1998
http://en.wikipedia.org/wiki/678_(film),'678 (film)',2010
http://en.wikipedia.org/wiki/The_300_Spartans,'The 300 Spartans',1962
http://en.wikipedia.org/wiki/Two_Mules_for_Sister_Sara,'Two Mules for Sister Sara',1970
http://en.wikipedia.org/wiki/One_False_Move,'One False Move',1992
http://en.wikipedia.org/wiki/Ten_Little_Indians_(1989_film),'Ten Little Indians (1989 film)',1989
http://en.wikipedia.org/wiki/2:37,'2:37',2006
http://en.wikipedia.org/wiki/12_Years_A_Slave_(film),'12 Years A Slave (film)',2013
http://en.wikipedia.org/wiki/The_Three_Godfathers,'The Three Godfathers',1916
http://en.wikipedia.org/wiki/50/50_(2011_film),'50/50 (2011 film)',2011
http://en.wikipedia.org/wiki/Thr3e_(film),'Thr3e (film)',2007
http://en.wikipedia.org/wiki/101_Reykjav%C3%ADk,'101 Reykjavík',2000
http://en.wikipedia.org/wiki/20,000_Years_in_Sing_Sing,'20000 Years in Sing Sing',1932
http://en.wikipedia.org/wiki/42_(film),'42 (film)',2013
http://en.wikipedia.org/wiki/1776_(musical),'1776 (musical)',1972
http://en.wikipedia.org/wiki/Catch-22_(film),'Catch-22 (film)',1970
http://en.wikipedia.org/wiki/20_Million_Miles_to_Earth,'20 Million Miles to Earth',1957
http://en.wikipedia.org/wiki/Three_Men_and_a_Baby,'Three Men and a Baby',1987
http://en.wikipedia.org/wiki/12_Monkeys,'12 Monkeys',1995
